{
  "CW": -9.999734386011127,
  "INV1": 226.3162806440604,
  "INV2": 955.1180133708414,
  "MR": -10.445071394889265,
  "POP": -14348.601579016697,
  "RS": 49.99867193005561,
  "GR": 0.0
}