{
  "CW": -9.366957664489746,
  "INV1": 245.01731872558594,
  "INV2": 1096.5916748046875,
  "MR": -2.3850395679473877,
  "POP": -13107.275390625,
  "RS": 58.358211517333984,
  "GR": 5.491611480712891
}