{
  "CW": -9.366954803466797,
  "INV1": 245.01162719726562,
  "INV2": 1096.55810546875,
  "MR": -2.3849525451660156,
  "POP": -13106.98046875,
  "RS": 58.34703063964844,
  "GR": 5.491420269012451
}