{
  "CW": -87.21847027149332,
  "INV1": 202.5461007875116,
  "INV2": 949.1366466511616,
  "MR": -19.999468772022254,
  "POP": -14348.601579016697,
  "RS": 49.99867193005561,
  "GR": 0.0
}