{
  "CW": -7.458134651184082,
  "INV1": 204.7476806640625,
  "INV2": 955.258544921875,
  "MR": -19.998910903930664,
  "POP": -14348.6005859375,
  "RS": 49.99867248535156,
  "GR": 0.0
}