{
  "CW": 0.0,
  "INV1": 37.101,
  "INV2": 735.9911135664063,
  "MR": 0.0,
  "POP": 0.0,
  "RS": 49.99867193005561,
  "GR": 0.0
}