{
  "CW": 0.0,
  "INV1": 130.08955522121,
  "INV2": 777.5712053457326,
  "MR": 0.0,
  "POP": 0.0,
  "RS": 49.99867193005562,
  "GR": 4.782703386011126
}