{
  "CW": 0.0,
  "INV1": 84.24183900000003,
  "INV2": 721.3674618596042,
  "MR": 0.0,
  "POP": 0.0,
  "RS": 49.742311239634,
  "GR": 0.0
}