{
  "CW": 0.0,
  "INV1": 114.37126152974616,
  "INV2": 759.2758045212274,
  "MR": 0.0,
  "POP": 0.0,
  "RS": 49.742311239634,
  "GR": 4.253134347926801
}